{"cameraMode":{"drawMode":0,"name":"Shaded","section":"Shading Mode"},"sceneLighting":false,"audioPlay":false,"sceneViewState":{"showFog":true,"showMaterialUpdate":false,"showSkybox":false,"showFlares":true,"showImageEffects":true,"showParticleSystems":true},"in2DMode":false,"pivot":{"x":323.17999267578127,"y":-8.619999885559082,"z":313.6999816894531},"rotation":{"x":-0.09253866970539093,"y":-0.0835384950041771,"z":0.007791603449732065,"w":-0.9921679496765137},"size":6.8602375984191898,"orthographic":false}